email,password,role,phone
usuario1@gmail.com,Password123!,user,1234567890
usuario2@gmail.com,Password123!,user,1234567891
usuario3@gmail.com,Password123!,user,1234567892
usuario4@gmail.com,Password123!,user,1234567893
usuario5@gmail.com,Password123!,user,1234567894
usuario6@gmail.com,Password123!,user,1234567895
usuario7@gmail.com,Password123!,user,1234567896
usuario8@gmail.com,Password123!,user,1234567897
usuario9@gmail.com,Password123!,user,1234567898
usuario10@gmail.com,Password123!,user,1234567899
usuario11@gmail.com,Password123!,user,1234567900
usuario12@gmail.com,Password123!,user,1234567901
usuario13@gmail.com,Password123!,user,1234567902
usuario14@gmail.com,Password123!,user,1234567903
usuario15@gmail.com,Password123!,user,1234567904
usuario16@gmail.com,Password123!,user,1234567905
usuario17@gmail.com,Password123!,user,1234567906
usuario18@gmail.com,Password123!,user,1234567907
usuario19@gmail.com,Password123!,user,1234567908
usuario20@gmail.com,Password123!,user,1234567909
usuario21@gmail.com,Password123!,user,1234567910
usuario22@gmail.com,Password123!,user,1234567911
usuario23@gmail.com,Password123!,user,1234567912
usuario24@gmail.com,Password123!,user,1234567913
usuario25@gmail.com,Password123!,user,1234567914
usuario26@gmail.com,Password123!,user,1234567915
usuario27@gmail.com,Password123!,user,1234567916
usuario28@gmail.com,Password123!,user,1234567917
usuario29@gmail.com,Password123!,user,1234567918
usuario30@gmail.com,Password123!,user,1234567919
usuario31@gmail.com,Password123!,user,1234567920
usuario32@gmail.com,Password123!,user,1234567921
usuario33@gmail.com,Password123!,user,1234567922
usuario34@gmail.com,Password123!,user,1234567923
usuario35@gmail.com,Password123!,user,1234567924
usuario36@gmail.com,Password123!,user,1234567925
usuario37@gmail.com,Password123!,user,1234567926
usuario38@gmail.com,Password123!,user,1234567927
usuario39@gmail.com,Password123!,user,1234567928
usuario40@gmail.com,Password123!,user,1234567929
usuario41@gmail.com,Password123!,user,1234567930
usuario42@gmail.com,Password123!,user,1234567931
usuario43@gmail.com,Password123!,user,1234567932
usuario44@gmail.com,Password123!,user,1234567933
usuario45@gmail.com,Password123!,user,1234567934
usuario46@gmail.com,Password123!,user,1234567935
usuario47@gmail.com,Password123!,user,1234567936
usuario48@gmail.com,Password123!,user,1234567937
usuario49@gmail.com,Password123!,user,1234567938
usuario50@gmail.com,Password123!,user,1234567939
usuario51@gmail.com,Password123!,user,1234567940
usuario52@gmail.com,Password123!,user,1234567941
usuario53@gmail.com,Password123!,user,1234567942
usuario54@gmail.com,Password123!,user,1234567943
usuario55@gmail.com,Password123!,user,1234567944
usuario56@gmail.com,Password123!,user,1234567945
usuario57@gmail.com,Password123!,user,1234567946
usuario58@gmail.com,Password123!,user,1234567947
usuario59@gmail.com,Password123!,user,1234567948
usuario60@gmail.com,Password123!,user,1234567949
usuario61@gmail.com,Password123!,user,1234567950
usuario62@gmail.com,Password123!,user,1234567951
usuario63@gmail.com,Password123!,user,1234567952
usuario64@gmail.com,Password123!,user,1234567953
usuario65@gmail.com,Password123!,user,1234567954
usuario66@gmail.com,Password123!,user,1234567955
usuario67@gmail.com,Password123!,user,1234567956
usuario68@gmail.com,Password123!,user,1234567957
usuario69@gmail.com,Password123!,user,1234567958
usuario70@gmail.com,Password123!,user,1234567959
usuario71@gmail.com,Password123!,user,1234567960
usuario72@gmail.com,Password123!,user,1234567961
usuario73@gmail.com,Password123!,user,1234567962
usuario74@gmail.com,Password123!,user,1234567963
usuario75@gmail.com,Password123!,user,1234567964
usuario76@gmail.com,Password123!,user,1234567965
usuario77@gmail.com,Password123!,user,1234567966
usuario78@gmail.com,Password123!,user,1234567967
usuario79@gmail.com,Password123!,user,1234567968
usuario80@gmail.com,Password123!,user,1234567969
usuario81@gmail.com,Password123!,user,1234567970
usuario82@gmail.com,Password123!,user,1234567971
usuario83@gmail.com,Password123!,user,1234567972
usuario84@gmail.com,Password123!,user,1234567973
usuario85@gmail.com,Password123!,user,1234567974
usuario86@gmail.com,Password123!,user,1234567975
usuario87@gmail.com,Password123!,user,1234567976
usuario88@gmail.com,Password123!,user,1234567977
usuario89@gmail.com,Password123!,user,1234567978
usuario90@gmail.com,Password123!,user,1234567979
usuario91@gmail.com,Password123!,user,1234567980
usuario92@gmail.com,Password123!,user,1234567981
usuario93@gmail.com,Password123!,user,1234567982
usuario94@gmail.com,Password123!,user,1234567983
usuario95@gmail.com,Password123!,user,1234567984
usuario96@gmail.com,Password123!,user,1234567985
usuario97@gmail.com,Password123!,user,1234567986
usuario98@gmail.com,Password123!,user,1234567987
usuario99@gmail.com,Password123!,user,1234567988
usuario100@gmail.com,Password123!,user,1234567989
